<?xml version="1.0" encoding="utf-8"?>

<instance xmlns="http://www.exelearning.org/content/v0.3" reference="6" version="0.3" xmlns:xsi="http://www.w3.org/2001/XMLSchema-instance" xsi:schemalocation="http://www.exelearning.org/content/v0.3 content.xsd" class="exe.engine.package.Package">
 <dictionary>
  <string role="key" value="_title"></string>
  <unicode value=""></unicode>
  <string role="key" value="idevices"></string>
  <list></list>
  <string role="key" value="_author"></string>
  <unicode value=""></unicode>
  <string role="key" value="_backgroundImg"></string>
  <unicode value=""></unicode>
  <string role="key" value="_contextMode"></string>
  <unicode value=""></unicode>
  <string role="key" value="_contextPlace"></string>
  <unicode value=""></unicode>
  <string role="key" value="_description"></string>
  <unicode value=""></unicode>
  <string role="key" value="_docType"></string>
  <string value="HTML5"></string>
  <string role="key" value="_intendedEndUserRoleGroup"></string>
  <bool value="0"></bool>
  <string role="key" value="_intendedEndUserRoleTutor"></string>
  <bool value="0"></bool>
  <string role="key" value="_intendedEndUserRoleType"></string>
  <unicode value=""></unicode>
  <string role="key" value="_isChanged"></string>
  <bool value="0"></bool>
  <string role="key" value="_lang"></string>
  <unicode value="es"></unicode>
  <string role="key" value="_learningResourceType"></string>
  <unicode value=""></unicode>
  <string role="key" value="_levelNames"></string>
  <list>
   <unicode value="Topic"></unicode>
   <unicode value="Section"></unicode>
   <unicode value="Unit"></unicode>
  </list>
  <string role="key" value="_name"></string>
  <unicode value="objetoElsa"></unicode>
  <string role="key" value="_nextIdeviceId"></string>
  <int value="2"></int>
  <string role="key" value="_nextNodeId"></string>
  <int value="1"></int>
  <string role="key" value="_nodeIdDict"></string>
  <dictionary>
   <unicode role="key" value="0"></unicode>
   <instance class="exe.engine.node.Node" reference="3">
    <dictionary>
     <string role="key" value="_title"></string>
     <unicode value="Inicio"></unicode>
     <string role="key" value="idevices"></string>
     <list>
      <instance class="exe.engine.genericidevice.GenericIdevice" reference="1">
       <dictionary>
        <string role="key" value="_title"></string>
        <unicode value="DISEÑO DE INTERFACES DE USUARIO"></unicode>
        <string role="key" value="_author"></string>
        <unicode value="Universidad de Auckland"></unicode>
        <string role="key" value="_purpose"></string>
        <unicode value="Una actividad puede ser definida como una tarea o conjunto de tareas que un estudiante debe completar. Provee una declaración clara de la tarea y considera cualquier condicion que pueda ayudar o impedir al estudiante en el funcionamiento de la tarea."></unicode>
        <string role="key" value="_tip"></string>
        <unicode value=""></unicode>
        <string role="key" value="class_"></string>
        <unicode value="activity"></unicode>
        <string role="key" value="edit"></string>
        <bool value="0"></bool>
        <string role="key" value="emphasis"></string>
        <int value="1"></int>
        <string role="key" value="exe.engine.genericidevice.GenericIdevice.persistenceVersion"></string>
        <int value="11"></int>
        <string role="key" value="fields"></string>
        <list>
         <instance class="exe.engine.field.TextAreaField" reference="2">
          <dictionary>
           <string role="key" value="_id"></string>
           <unicode value="25_2"></unicode>
           <string role="key" value="_idevice"></string>
           <reference key="1"></reference>
           <string role="key" value="_instruc"></string>
           <unicode value="Describir las tareas que los estudiantes deben terminar"></unicode>
           <string role="key" value="_name"></string>
           <unicode value="Actividad"></unicode>
           <string role="key" value="anchor_names"></string>
           <list></list>
           <string role="key" value="anchors_linked_from_fields"></string>
           <dictionary></dictionary>
           <string role="key" value="buttonCaption"></string>
           <string value=""></string>
           <string role="key" value="content_w_resourcePaths"></string>
           <unicode content="true" value="
&lt;p class=&quot;MsoNormal&quot;&gt;
La Interfaz de Usuario, en adelante IU, de un programa es un
conjunto de elementos hardware y software de una computadora que presentan
información al usuario y le permiten interactuar con la información y con&lt;span&gt;  &lt;/span&gt;el&lt;span&gt; 
&lt;/span&gt;computadora.&lt;span&gt;  &lt;/span&gt;También&lt;span&gt;  &lt;/span&gt;se puede considerar&lt;span&gt;  &lt;/span&gt;parte de&lt;span&gt; 
&lt;/span&gt;la&lt;span&gt;  &lt;/span&gt;IU&lt;span&gt;  &lt;/span&gt;la&lt;span&gt;  &lt;/span&gt;documentación&lt;span&gt;  &lt;/span&gt;(manuales,&lt;span&gt; 
&lt;/span&gt;ayuda, referencia, tutoriales) que acompaña al hardware y al software. &lt;o:p&gt;&lt;/o:p&gt;
&lt;/p&gt;
&lt;p class=&quot;MsoNormal&quot;&gt;
Si la IU está bien diseñada, el usuario encontrará la
respuesta que espera a su acción. Si no es así puede ser frustrante su
operación, ya que el usuario habitualmente tiende a culparse a sí mismo por no saber
usar el objeto. &lt;o:p&gt;&lt;/o:p&gt;
&lt;/p&gt;
&lt;p class=&quot;MsoNormal&quot;&gt;
Los programas son usados por usuarios con distintos niveles
de conocimientos, desde principiantes hasta expertos. Es por ello que no existe
una interfaz válida para todos los usuarios y todas las tareas. &lt;o:p&gt;&lt;/o:p&gt;
&lt;/p&gt;
&lt;p class=&quot;MsoNormal&quot;&gt;
Debe&lt;span&gt;  &lt;/span&gt;permitirse&lt;span&gt;  &lt;/span&gt;libertad&lt;span&gt; 
&lt;/span&gt;al&lt;span&gt;  &lt;/span&gt;usuario&lt;span&gt;  &lt;/span&gt;para&lt;span&gt; 
&lt;/span&gt;que&lt;span&gt;  &lt;/span&gt;elija&lt;span&gt;  &lt;/span&gt;el&lt;span&gt; 
&lt;/span&gt;modo&lt;span&gt;  &lt;/span&gt;de&lt;span&gt;  &lt;/span&gt;interacción&lt;span&gt; 
&lt;/span&gt;que&lt;span&gt;  &lt;/span&gt;más&lt;span&gt;  &lt;/span&gt;se&lt;span&gt; 
&lt;/span&gt;adecúe&lt;span&gt;  &lt;/span&gt;a&lt;span&gt;  &lt;/span&gt;sus objetivos en cada momento. La mayoría de
los programas y sistemas operativos ofrecen varias formas de interacción al
usuario. &lt;o:p&gt;&lt;/o:p&gt;
&lt;/p&gt;
&lt;p class=&quot;MsoNormal&quot;&gt;
&lt;o:p&gt;&lt;/o:p&gt;
&lt;/p&gt;
"></unicode>
           <string role="key" value="exe.engine.field.Field.persistenceVersion"></string>
           <int value="4"></int>
           <string role="key" value="exe.engine.field.FieldWithResources.persistenceVersion"></string>
           <int value="2"></int>
           <string role="key" value="exe.engine.field.TextAreaField.persistenceVersion"></string>
           <int value="3"></int>
           <string role="key" value="htmlTag"></string>
           <string value="div"></string>
           <string role="key" value="images"></string>
           <instance class="exe.engine.galleryidevice.GalleryImages">
            <dictionary>
             <string role="key" value=".listitems"></string>
             <list></list>
             <string role="key" value="idevice"></string>
             <reference key="2"></reference>
            </dictionary>
           </instance>
           <string role="key" value="intlinks_to_anchors"></string>
           <dictionary></dictionary>
           <string role="key" value="nextImageId"></string>
           <int value="0"></int>
           <string role="key" value="parentNode"></string>
           <reference key="3"></reference>
          </dictionary>
         </instance>
        </list>
        <string role="key" value="icon"></string>
        <unicode value="activity"></unicode>
        <string role="key" value="id"></string>
        <unicode value="0"></unicode>
        <string role="key" value="lastIdevice"></string>
        <bool value="0"></bool>
        <string role="key" value="nextFieldId"></string>
        <int value="3"></int>
        <string role="key" value="parentNode"></string>
        <reference key="3"></reference>
        <string role="key" value="systemResources"></string>
        <list>
         <string value="common.js"></string>
        </list>
        <string role="key" value="undo"></string>
        <bool value="1"></bool>
        <string role="key" value="userResources"></string>
        <list></list>
        <string role="key" value="version"></string>
        <int value="0"></int>
       </dictionary>
      </instance>
      <instance class="exe.engine.genericidevice.GenericIdevice" reference="4">
       <dictionary>
        <string role="key" value="_title"></string>
        <unicode value="PUNTOS DE VISTA EN EL DISEÑO  DE GUI"></unicode>
        <string role="key" value="_author"></string>
        <unicode value="Universidad de Auckland"></unicode>
        <string role="key" value="_purpose"></string>
        <unicode value="Una actividad puede ser definida como una tarea o conjunto de tareas que un estudiante debe completar. Provee una declaración clara de la tarea y considera cualquier condicion que pueda ayudar o impedir al estudiante en el funcionamiento de la tarea."></unicode>
        <string role="key" value="_tip"></string>
        <unicode value=""></unicode>
        <string role="key" value="class_"></string>
        <unicode value="activity"></unicode>
        <string role="key" value="edit"></string>
        <bool value="0"></bool>
        <string role="key" value="emphasis"></string>
        <int value="1"></int>
        <string role="key" value="exe.engine.genericidevice.GenericIdevice.persistenceVersion"></string>
        <int value="11"></int>
        <string role="key" value="fields"></string>
        <list>
         <instance class="exe.engine.field.TextAreaField" reference="5">
          <dictionary>
           <string role="key" value="_id"></string>
           <unicode value="26_2"></unicode>
           <string role="key" value="_idevice"></string>
           <reference key="4"></reference>
           <string role="key" value="_instruc"></string>
           <unicode value="Describir las tareas que los estudiantes deben terminar"></unicode>
           <string role="key" value="_name"></string>
           <unicode value="Actividad"></unicode>
           <string role="key" value="anchor_names"></string>
           <list></list>
           <string role="key" value="anchors_linked_from_fields"></string>
           <dictionary></dictionary>
           <string role="key" value="buttonCaption"></string>
           <string value=""></string>
           <string role="key" value="content_w_resourcePaths"></string>
           <unicode content="true" value="
&lt;p class=&quot;MsoNormal&quot;&gt;
Existen tres puntos de vista distintos en una IU: el del
usuario, el del programador y el del diseñador (analogía de la construcción de
una casa). Cada uno tiene un modelo mental propio de la interfaz, que contiene
los conceptos y expectativas acerca de la misma, desarrollados a través de su
experiencia. &lt;o:p&gt;&lt;/o:p&gt;
&lt;/p&gt;
&lt;p class=&quot;MsoNormal&quot;&gt;
El modelo permite explicar o predecir comportamientos del
sistema y tomar las decisiones adecuadas para&lt;span&gt; 
&lt;/span&gt;modificar&lt;span&gt;  &lt;/span&gt;el&lt;span&gt;  &lt;/span&gt;mismo.&lt;span&gt; 
&lt;/span&gt;Los&lt;span&gt;  &lt;/span&gt;modelos&lt;span&gt;  &lt;/span&gt;subyacen&lt;span&gt; 
&lt;/span&gt;en&lt;span&gt;  &lt;/span&gt;la&lt;span&gt;  &lt;/span&gt;interacción&lt;span&gt; 
&lt;/span&gt;con&lt;span&gt;  &lt;/span&gt;las&lt;span&gt;  &lt;/span&gt;computadoras,&lt;span&gt; 
&lt;/span&gt;de&lt;span&gt;  &lt;/span&gt;ahí&lt;span&gt;  &lt;/span&gt;su importancia.&lt;o:p&gt;&lt;/o:p&gt;
&lt;/p&gt;
&lt;p&gt;
&amp;nbsp;
&lt;/p&gt;
&lt;p class=&quot;MsoNormal&quot;&gt;
&lt;b&gt;Modelo del usuario:&lt;/b&gt; El usuario tiene su visión personal del
sistema, y espera que éste se comporte de una&lt;span&gt; 
&lt;/span&gt;cierta&lt;span&gt;  &lt;/span&gt;forma.&lt;span&gt;  &lt;/span&gt;Se&lt;span&gt; 
&lt;/span&gt;puede&lt;span&gt;  &lt;/span&gt;conocer&lt;span&gt;  &lt;/span&gt;el&lt;span&gt; 
&lt;/span&gt;modelo&lt;span&gt;  &lt;/span&gt;del&lt;span&gt;  &lt;/span&gt;usuario&lt;span&gt; 
&lt;/span&gt;estudiándolo,&lt;span&gt;  &lt;/span&gt;ya&lt;span&gt;  &lt;/span&gt;sea&lt;span&gt; 
&lt;/span&gt;realizando&lt;span&gt;  &lt;/span&gt;tests&lt;span&gt;  &lt;/span&gt;de usabilidad, entrevistas, o a través de una
realimentación. Una interfaz debe facilitar el proceso de crear un modelo
mental efectivo. &lt;o:p&gt;&lt;/o:p&gt;
&lt;/p&gt;
&lt;p class=&quot;MsoNormal&quot;&gt;
Para ello son de gran utilidad las metáforas, que asocian un
dominio nuevo a uno ya conocido por el usuario.&lt;span&gt; 
&lt;/span&gt;Un&lt;span&gt;  &lt;/span&gt;ejemplo&lt;span&gt;  &lt;/span&gt;típico&lt;span&gt; 
&lt;/span&gt;es&lt;span&gt;  &lt;/span&gt;la&lt;span&gt;  &lt;/span&gt;metáfora&lt;span&gt; 
&lt;/span&gt;del&lt;span&gt;  &lt;/span&gt;escritorio,&lt;span&gt;  &lt;/span&gt;común&lt;span&gt; 
&lt;/span&gt;a&lt;span&gt;  &lt;/span&gt;la&lt;span&gt;  &lt;/span&gt;mayoría &lt;span&gt; &lt;/span&gt;de&lt;span&gt; 
&lt;/span&gt;las&lt;span&gt;  &lt;/span&gt;interfaces&lt;span&gt;  &lt;/span&gt;gráficas actuales. &lt;o:p&gt;&lt;/o:p&gt;
&lt;/p&gt;
&lt;p class=&quot;MsoNormal&quot;&gt;
&lt;span&gt; &lt;/span&gt;&lt;o:p&gt;&lt;/o:p&gt;
&lt;/p&gt;
&lt;p class=&quot;MsoNormal&quot;&gt;
&lt;b&gt;Modelo del diseñador: &lt;/b&gt;El diseñador mezcla las necesidades,
ideas, deseos del usuario y los materiales de que dispone el programador para
diseñar un producto de software. Es un intermediario entre ambos. &lt;o:p&gt;&lt;/o:p&gt;
&lt;/p&gt;
&lt;p class=&quot;MsoNormal&quot;&gt;
El modelo del diseñador describe los objetos que utilizan el
usuario, su presentación al mismo y las técnicas de interacción para su
manipulación. Consta de tres partes: presentación, interacción y relaciones entre
los objetos &lt;o:p&gt;&lt;/o:p&gt;
&lt;/p&gt;
&lt;p class=&quot;MsoNormal&quot;&gt;
La presentación es lo que primero capta la atención del
usuario, pero más tarde pasa a un segundo plano, y adquiere más importancia la
interacción con el producto para poder satisfacer sus expectativas. &lt;o:p&gt;&lt;/o:p&gt;
&lt;/p&gt;
&lt;p class=&quot;MsoNormal&quot;&gt;
La&lt;span&gt;  &lt;/span&gt;presentación&lt;span&gt;  &lt;/span&gt;no&lt;span&gt; 
&lt;/span&gt;es&lt;span&gt;  &lt;/span&gt;lo&lt;span&gt;  &lt;/span&gt;más&lt;span&gt; 
&lt;/span&gt;relevante&lt;span&gt;  &lt;/span&gt;y&lt;span&gt;  &lt;/span&gt;un&lt;span&gt; 
&lt;/span&gt;abuso&lt;span&gt;  &lt;/span&gt;en&lt;span&gt;  &lt;/span&gt;la&lt;span&gt; 
&lt;/span&gt;misma&lt;span&gt;  &lt;/span&gt;(por&lt;span&gt;  &lt;/span&gt;ejemplo,&lt;span&gt; 
&lt;/span&gt;en&lt;span&gt;  &lt;/span&gt;el&lt;span&gt;  &lt;/span&gt;color)&lt;span&gt; 
&lt;/span&gt;puede&lt;span&gt;  &lt;/span&gt;ser contraproducente,
distrayendo al usuario. &lt;o:p&gt;&lt;/o:p&gt;
&lt;/p&gt;
&lt;p class=&quot;MsoNormal&quot;&gt;
La&lt;span&gt;  &lt;/span&gt;segunda&lt;span&gt;  &lt;/span&gt;parte&lt;span&gt; 
&lt;/span&gt;del&lt;span&gt;  &lt;/span&gt;modelo&lt;span&gt;  &lt;/span&gt;define&lt;span&gt; 
&lt;/span&gt;las&lt;span&gt;  &lt;/span&gt;técnicas&lt;span&gt;  &lt;/span&gt;de&lt;span&gt; 
&lt;/span&gt;interacción&lt;span&gt;  &lt;/span&gt;del&lt;span&gt;  &lt;/span&gt;usuario,&lt;span&gt; 
&lt;/span&gt;a&lt;span&gt;  &lt;/span&gt;través&lt;span&gt;  &lt;/span&gt;de&lt;span&gt; 
&lt;/span&gt;diversos dispositivos. &lt;o:p&gt;&lt;/o:p&gt;
&lt;/p&gt;
&lt;p class=&quot;MsoNormal&quot;&gt;
La tercera es la más importante, y es donde el diseñador
determina la metáfora adecuada que encaja con&lt;span&gt; 
&lt;/span&gt;el&lt;span&gt;  &lt;/span&gt;modelo&lt;span&gt;  &lt;/span&gt;mental&lt;span&gt; 
&lt;/span&gt;del&lt;span&gt;  &lt;/span&gt;usuario.&lt;span&gt;  &lt;/span&gt;El&lt;span&gt; 
&lt;/span&gt;modelo&lt;span&gt;  &lt;/span&gt;debe&lt;span&gt;  &lt;/span&gt;comenzar&lt;span&gt; 
&lt;/span&gt;por&lt;span&gt;  &lt;/span&gt;esta&lt;span&gt;  &lt;/span&gt;parte&lt;span&gt; 
&lt;/span&gt;e&lt;span&gt;  &lt;/span&gt;ir&lt;span&gt;  &lt;/span&gt;hacia&lt;span&gt; 
&lt;/span&gt;arriba.&lt;span&gt;  &lt;/span&gt;Una&lt;span&gt;  &lt;/span&gt;vez definida la metáfora y los objetos del
interfaz, los aspectos visuales saldrán de una manera lógica y fácil.&lt;span&gt;  &lt;/span&gt;&lt;o:p&gt;&lt;/o:p&gt;
&lt;/p&gt;
&lt;p class=&quot;MsoNormal&quot;&gt;
Estos modelos&lt;span&gt;  &lt;/span&gt;deben
estar claros para los&lt;span&gt;  &lt;/span&gt;participantes en
el desarrollo de un producto,&lt;span&gt;  &lt;/span&gt;de forma que
se consiga una interfaz atractiva y a la vez efectiva para el trabajo con el
programa. &lt;o:p&gt;&lt;/o:p&gt;
&lt;/p&gt;
&lt;p class=&quot;MsoNormal&quot;&gt;
Una&lt;span&gt;  &lt;/span&gt;interfaz&lt;span&gt;  &lt;/span&gt;no&lt;span&gt; 
&lt;/span&gt;es&lt;span&gt;  &lt;/span&gt;simplemente&lt;span&gt;  &lt;/span&gt;una&lt;span&gt; 
&lt;/span&gt;cara&lt;span&gt;  &lt;/span&gt;bonita;&lt;span&gt;  &lt;/span&gt;esto&lt;span&gt; 
&lt;/span&gt;puede&lt;span&gt;  &lt;/span&gt;impresionar&lt;span&gt;  &lt;/span&gt;a&lt;span&gt; 
&lt;/span&gt;primera&lt;span&gt;  &lt;/span&gt;vista&lt;span&gt;  &lt;/span&gt;pero decepcionar a la larga. Lo importante es
que el programa se adapte bien al modelo del usuario, cosa que se puede
comprobar utilizando el programa más allá de la primera impresión. &lt;o:p&gt;&lt;/o:p&gt;
&lt;/p&gt;
&lt;p class=&quot;MsoNormal&quot;&gt;
&lt;span&gt; &lt;/span&gt;&lt;o:p&gt;&lt;/o:p&gt;
&lt;/p&gt;
&lt;p class=&quot;MsoNormal&quot;&gt;
&lt;b&gt;Modelo&lt;span&gt;  &lt;/span&gt;del&lt;span&gt;  &lt;/span&gt;programador:&lt;/b&gt;&lt;span&gt;&lt;b&gt; &lt;/b&gt;
&lt;/span&gt;Es&lt;span&gt;  &lt;/span&gt;el&lt;span&gt;  &lt;/span&gt;más&lt;span&gt; 
&lt;/span&gt;fácil&lt;span&gt;  &lt;/span&gt;de&lt;span&gt;  &lt;/span&gt;visualizar,&lt;span&gt; 
&lt;/span&gt;al&lt;span&gt;  &lt;/span&gt;poderse&lt;span&gt;  &lt;/span&gt;especificar&lt;span&gt; 
&lt;/span&gt;formalmente.&lt;span&gt;  &lt;/span&gt;Está constituido por
los objetos que manipula el programador, distintos de los que trata el usuario
(ejemplo: el &lt;o:p&gt;&lt;/o:p&gt;
&lt;/p&gt;
&lt;p class=&quot;MsoNormal&quot;&gt;
programador&lt;span&gt; 
&lt;/span&gt;llama&lt;span&gt;  &lt;/span&gt;base&lt;span&gt;  &lt;/span&gt;de&lt;span&gt; 
&lt;/span&gt;datos&lt;span&gt;  &lt;/span&gt;a&lt;span&gt;  &lt;/span&gt;lo&lt;span&gt; 
&lt;/span&gt;que&lt;span&gt;  &lt;/span&gt;el&lt;span&gt;  &lt;/span&gt;usuario&lt;span&gt; 
&lt;/span&gt;podría&lt;span&gt;  &lt;/span&gt;llamar&lt;span&gt;  &lt;/span&gt;agenda).&lt;span&gt; 
&lt;/span&gt;Estos&lt;span&gt;  &lt;/span&gt;objetos&lt;span&gt;  &lt;/span&gt;deben esconderse del usuario. &lt;o:p&gt;&lt;/o:p&gt;
&lt;/p&gt;
&lt;p class=&quot;MsoNormal&quot;&gt;
Los&lt;span&gt;  &lt;/span&gt;conocimientos&lt;span&gt;  &lt;/span&gt;del&lt;span&gt; 
&lt;/span&gt;programador&lt;span&gt;  &lt;/span&gt;incluyen&lt;span&gt;  &lt;/span&gt;la&lt;span&gt; 
&lt;/span&gt;plataforma&lt;span&gt;  &lt;/span&gt;de&lt;span&gt;  &lt;/span&gt;desarrollo,&lt;span&gt; 
&lt;/span&gt;el&lt;span&gt;  &lt;/span&gt;sistema&lt;span&gt;  &lt;/span&gt;operativo,&lt;span&gt; 
&lt;/span&gt;las herramientas de desarrollo y especificaciones. Sin embargo, esto no
significa necesariamente que tenga la habilidad de proporcionar al usuario los
modelos y metáforas más adecuadas. Muchos no consideran el &lt;o:p&gt;&lt;/o:p&gt;
&lt;/p&gt;
&lt;p class=&quot;MsoNormal&quot;&gt;
modelo&lt;span&gt;  &lt;/span&gt;del&lt;span&gt;  &lt;/span&gt;usuario&lt;span&gt; 
&lt;/span&gt;del&lt;span&gt;  &lt;/span&gt;programa,&lt;span&gt;  &lt;/span&gt;y&lt;span&gt; 
&lt;/span&gt;sí&lt;span&gt;  &lt;/span&gt;sus&lt;span&gt;  &lt;/span&gt;propias&lt;span&gt; 
&lt;/span&gt;expectativas&lt;span&gt;  &lt;/span&gt;acerca&lt;span&gt;  &lt;/span&gt;de&lt;span&gt; 
&lt;/span&gt;cómo&lt;span&gt;  &lt;/span&gt;trabajar&lt;span&gt;  &lt;/span&gt;con&lt;span&gt;  &lt;/span&gt;la
computadora.&lt;o:p&gt;&lt;/o:p&gt;
&lt;/p&gt;
"></unicode>
           <string role="key" value="exe.engine.field.Field.persistenceVersion"></string>
           <int value="4"></int>
           <string role="key" value="exe.engine.field.FieldWithResources.persistenceVersion"></string>
           <int value="2"></int>
           <string role="key" value="exe.engine.field.TextAreaField.persistenceVersion"></string>
           <int value="3"></int>
           <string role="key" value="htmlTag"></string>
           <string value="div"></string>
           <string role="key" value="images"></string>
           <instance class="exe.engine.galleryidevice.GalleryImages">
            <dictionary>
             <string role="key" value=".listitems"></string>
             <list></list>
             <string role="key" value="idevice"></string>
             <reference key="5"></reference>
            </dictionary>
           </instance>
           <string role="key" value="intlinks_to_anchors"></string>
           <dictionary></dictionary>
           <string role="key" value="nextImageId"></string>
           <int value="0"></int>
           <string role="key" value="parentNode"></string>
           <reference key="3"></reference>
          </dictionary>
         </instance>
        </list>
        <string role="key" value="icon"></string>
        <unicode value="activity"></unicode>
        <string role="key" value="id"></string>
        <unicode value="1"></unicode>
        <string role="key" value="lastIdevice"></string>
        <bool value="0"></bool>
        <string role="key" value="nextFieldId"></string>
        <int value="3"></int>
        <string role="key" value="parentNode"></string>
        <reference key="3"></reference>
        <string role="key" value="systemResources"></string>
        <list>
         <string value="common.js"></string>
        </list>
        <string role="key" value="undo"></string>
        <bool value="1"></bool>
        <string role="key" value="userResources"></string>
        <list></list>
        <string role="key" value="version"></string>
        <int value="0"></int>
       </dictionary>
      </instance>
     </list>
     <string role="key" value="_id"></string>
     <unicode value="0"></unicode>
     <string role="key" value="_package"></string>
     <reference key="6"></reference>
     <string role="key" value="exe.engine.node.Node.persistenceVersion"></string>
     <int value="2"></int>
     <string role="key" value="exportType"></string>
     <string value="website"></string>
     <string role="key" value="last_full_node_path"></string>
     <string value="exe-node:Inicio"></string>
     <string role="key" value="parent"></string>
     <none></none>
     <string role="key" value="children"></string>
     <list></list>
    </dictionary>
   </instance>
  </dictionary>
  <string role="key" value="_objectives"></string>
  <unicode value=""></unicode>
  <string role="key" value="_preknowledge"></string>
  <unicode value=""></unicode>
  <string role="key" value="backgroundImgTile"></string>
  <bool value="0"></bool>
  <string role="key" value="compatibleWithVersion9"></string>
  <bool value="0"></bool>
  <string role="key" value="currentNode"></string>
  <reference key="3"></reference>
  <string role="key" value="dublinCore"></string>
  <instance class="exe.engine.package.DublinCore">
   <dictionary>
    <string role="key" value="contributors"></string>
    <unicode value=""></unicode>
    <string role="key" value="coverage"></string>
    <unicode value=""></unicode>
    <string role="key" value="creator"></string>
    <unicode value=""></unicode>
    <string role="key" value="date"></string>
    <unicode value=""></unicode>
    <string role="key" value="description"></string>
    <unicode value=""></unicode>
    <string role="key" value="format"></string>
    <unicode value=""></unicode>
    <string role="key" value="identifier"></string>
    <unicode value=""></unicode>
    <string role="key" value="language"></string>
    <unicode value="es"></unicode>
    <string role="key" value="publisher"></string>
    <unicode value=""></unicode>
    <string role="key" value="relation"></string>
    <unicode value=""></unicode>
    <string role="key" value="rights"></string>
    <unicode value=""></unicode>
    <string role="key" value="source"></string>
    <unicode value=""></unicode>
    <string role="key" value="subject"></string>
    <unicode value=""></unicode>
    <string role="key" value="title"></string>
    <unicode value=""></unicode>
    <string role="key" value="type"></string>
    <unicode value=""></unicode>
   </dictionary>
  </instance>
  <string role="key" value="exe.engine.package.Package.persistenceVersion"></string>
  <int value="13"></int>
  <string role="key" value="exportMetadataType"></string>
  <string value="LOMES"></string>
  <string role="key" value="exportSource"></string>
  <bool value="1"></bool>
  <string role="key" value="footer"></string>
  <string value=""></string>
  <string role="key" value="isChanged"></string>
  <int value="1"></int>
  <string role="key" value="isLoading"></string>
  <bool value="0"></bool>
  <string role="key" value="license"></string>
  <string value="None"></string>
  <string role="key" value="lom"></string>
  <instance class="exe.engine.lom.lomsubs.lomSub">
   <dictionary>
    <string role="key" value="__index__"></string>
    <dictionary></dictionary>
    <string role="key" value="__oldchild__"></string>
    <none></none>
    <string role="key" value="annotation"></string>
    <list></list>
    <string role="key" value="classification"></string>
    <list></list>
    <string role="key" value="educational"></string>
    <list>
     <instance class="exe.engine.lom.lomsubs.educationalSub">
      <dictionary>
       <string role="key" value="cognitiveProcess"></string>
       <list></list>
       <string role="key" value="context"></string>
       <list></list>
       <string role="key" value="description"></string>
       <list></list>
       <string role="key" value="difficulty"></string>
       <none></none>
       <string role="key" value="intendedEndUserRole"></string>
       <list></list>
       <string role="key" value="interactivityLevel"></string>
       <none></none>
       <string role="key" value="interactivityType"></string>
       <none></none>
       <string role="key" value="language"></string>
       <list>
        <instance class="exe.engine.lom.lomsubs.LanguageIdSub">
         <dictionary>
          <string role="key" value="extensiontype_"></string>
          <none></none>
          <string role="key" value="valueOf_"></string>
          <string value="es"></string>
         </dictionary>
        </instance>
       </list>
       <string role="key" value="learningResourceType"></string>
       <list></list>
       <string role="key" value="semanticDensity"></string>
       <none></none>
       <string role="key" value="typicalAgeRange"></string>
       <list></list>
       <string role="key" value="typicalLearningTime"></string>
       <none></none>
      </dictionary>
     </instance>
    </list>
    <string role="key" value="general"></string>
    <instance class="exe.engine.lom.lomsubs.generalSub">
     <dictionary>
      <string role="key" value="aggregationLevel"></string>
      <instance class="exe.engine.lom.lomsubs.aggregationLevelSub">
       <dictionary>
        <string role="key" value="extensiontype_"></string>
        <none></none>
        <string role="key" value="source"></string>
        <instance class="exe.engine.lom.lomsubs.sourceValueSub">
         <dictionary>
          <string role="key" value="extensiontype_"></string>
          <none></none>
          <string role="key" value="string"></string>
          <list></list>
          <string role="key" value="uniqueElementName"></string>
          <string value="source"></string>
          <string role="key" value="valueOf_"></string>
          <string value="LOMv1.0"></string>
         </dictionary>
        </instance>
        <string role="key" value="uniqueElementName"></string>
        <string value="aggregationLevel"></string>
        <string role="key" value="value"></string>
        <instance class="exe.engine.lom.lomsubs.aggregationLevelValueSub">
         <dictionary>
          <string role="key" value="extensiontype_"></string>
          <none></none>
          <string role="key" value="source"></string>
          <none></none>
          <string role="key" value="uniqueElementName"></string>
          <string value="value"></string>
          <string role="key" value="value"></string>
          <none></none>
          <string role="key" value="valueOf_"></string>
          <string value="2"></string>
         </dictionary>
        </instance>
       </dictionary>
      </instance>
      <string role="key" value="coverage"></string>
      <list></list>
      <string role="key" value="description"></string>
      <list></list>
      <string role="key" value="identifier"></string>
      <list>
       <instance class="exe.engine.lom.lomsubs.identifierSub">
        <dictionary>
         <string role="key" value="catalog"></string>
         <instance class="exe.engine.lom.lomsubs.catalogSub">
          <dictionary>
           <string role="key" value="uniqueElementName"></string>
           <string value="catalog"></string>
           <string role="key" value="valueOf_"></string>
           <unicode value="Mi catálogo"></unicode>
          </dictionary>
         </instance>
         <string role="key" value="entry"></string>
         <instance class="exe.engine.lom.lomsubs.entrySub">
          <dictionary>
           <string role="key" value="uniqueElementName"></string>
           <string value="entry"></string>
           <string role="key" value="valueOf_"></string>
           <string value="f4029303-61a9-4f78-acd4-a5978a1a46d1"></string>
          </dictionary>
         </instance>
        </dictionary>
       </instance>
      </list>
      <string role="key" value="keyword"></string>
      <list></list>
      <string role="key" value="language"></string>
      <list>
       <instance class="exe.engine.lom.lomsubs.LanguageIdSub">
        <dictionary>
         <string role="key" value="extensiontype_"></string>
         <none></none>
         <string role="key" value="valueOf_"></string>
         <string value="es"></string>
        </dictionary>
       </instance>
      </list>
      <string role="key" value="structure"></string>
      <none></none>
      <string role="key" value="title"></string>
      <none></none>
      <string role="key" value="uniqueElementName"></string>
      <string value="general"></string>
     </dictionary>
    </instance>
    <string role="key" value="lifeCycle"></string>
    <none></none>
    <string role="key" value="metaMetadata"></string>
    <instance class="exe.engine.lom.lomsubs.metaMetadataSub">
     <dictionary>
      <string role="key" value="contribute"></string>
      <list></list>
      <string role="key" value="identifier"></string>
      <list></list>
      <string role="key" value="language"></string>
      <instance class="exe.engine.lom.lomsubs.LanguageIdSub">
       <dictionary>
        <string role="key" value="extensiontype_"></string>
        <none></none>
        <string role="key" value="valueOf_"></string>
        <string value="es"></string>
       </dictionary>
      </instance>
      <string role="key" value="metadataSchema"></string>
      <list>
       <instance class="exe.engine.lom.lomsubs.metadataSchemaSub">
        <dictionary>
         <string role="key" value="valueOf_"></string>
         <string value="LOMv1.0"></string>
        </dictionary>
       </instance>
      </list>
      <string role="key" value="uniqueElementName"></string>
      <string value="metaMetadata"></string>
     </dictionary>
    </instance>
    <string role="key" value="relation"></string>
    <list></list>
    <string role="key" value="rights"></string>
    <none></none>
    <string role="key" value="technical"></string>
    <none></none>
   </dictionary>
  </instance>
  <string role="key" value="lomEs"></string>
  <instance class="exe.engine.lom.lomsubs.lomSub">
   <dictionary>
    <string role="key" value="__index__"></string>
    <dictionary></dictionary>
    <string role="key" value="__oldchild__"></string>
    <none></none>
    <string role="key" value="annotation"></string>
    <list></list>
    <string role="key" value="classification"></string>
    <list></list>
    <string role="key" value="educational"></string>
    <list>
     <instance class="exe.engine.lom.lomsubs.educationalSub">
      <dictionary>
       <string role="key" value="cognitiveProcess"></string>
       <list></list>
       <string role="key" value="context"></string>
       <list></list>
       <string role="key" value="description"></string>
       <list></list>
       <string role="key" value="difficulty"></string>
       <none></none>
       <string role="key" value="intendedEndUserRole"></string>
       <list></list>
       <string role="key" value="interactivityLevel"></string>
       <none></none>
       <string role="key" value="interactivityType"></string>
       <none></none>
       <string role="key" value="language"></string>
       <list>
        <instance class="exe.engine.lom.lomsubs.LanguageIdSub">
         <dictionary>
          <string role="key" value="extensiontype_"></string>
          <none></none>
          <string role="key" value="valueOf_"></string>
          <string value="es"></string>
         </dictionary>
        </instance>
       </list>
       <string role="key" value="learningResourceType"></string>
       <list></list>
       <string role="key" value="semanticDensity"></string>
       <none></none>
       <string role="key" value="typicalAgeRange"></string>
       <list></list>
       <string role="key" value="typicalLearningTime"></string>
       <none></none>
      </dictionary>
     </instance>
    </list>
    <string role="key" value="general"></string>
    <instance class="exe.engine.lom.lomsubs.generalSub">
     <dictionary>
      <string role="key" value="aggregationLevel"></string>
      <instance class="exe.engine.lom.lomsubs.aggregationLevelSub">
       <dictionary>
        <string role="key" value="extensiontype_"></string>
        <none></none>
        <string role="key" value="source"></string>
        <instance class="exe.engine.lom.lomsubs.sourceValueSub">
         <dictionary>
          <string role="key" value="extensiontype_"></string>
          <none></none>
          <string role="key" value="string"></string>
          <list></list>
          <string role="key" value="uniqueElementName"></string>
          <string value="source"></string>
          <string role="key" value="valueOf_"></string>
          <string value="LOM-ESv1.0"></string>
         </dictionary>
        </instance>
        <string role="key" value="uniqueElementName"></string>
        <string value="aggregationLevel"></string>
        <string role="key" value="value"></string>
        <instance class="exe.engine.lom.lomsubs.aggregationLevelValueSub">
         <dictionary>
          <string role="key" value="extensiontype_"></string>
          <none></none>
          <string role="key" value="source"></string>
          <none></none>
          <string role="key" value="uniqueElementName"></string>
          <string value="value"></string>
          <string role="key" value="value"></string>
          <none></none>
          <string role="key" value="valueOf_"></string>
          <string value="2"></string>
         </dictionary>
        </instance>
       </dictionary>
      </instance>
      <string role="key" value="coverage"></string>
      <list></list>
      <string role="key" value="description"></string>
      <list></list>
      <string role="key" value="identifier"></string>
      <list>
       <instance class="exe.engine.lom.lomsubs.identifierSub">
        <dictionary>
         <string role="key" value="catalog"></string>
         <instance class="exe.engine.lom.lomsubs.catalogSub">
          <dictionary>
           <string role="key" value="uniqueElementName"></string>
           <string value="catalog"></string>
           <string role="key" value="valueOf_"></string>
           <unicode value="Mi catálogo"></unicode>
          </dictionary>
         </instance>
         <string role="key" value="entry"></string>
         <instance class="exe.engine.lom.lomsubs.entrySub">
          <dictionary>
           <string role="key" value="uniqueElementName"></string>
           <string value="entry"></string>
           <string role="key" value="valueOf_"></string>
           <string value="f4029303-61a9-4f78-acd4-a5978a1a46d1"></string>
          </dictionary>
         </instance>
        </dictionary>
       </instance>
      </list>
      <string role="key" value="keyword"></string>
      <list></list>
      <string role="key" value="language"></string>
      <list>
       <instance class="exe.engine.lom.lomsubs.LanguageIdSub">
        <dictionary>
         <string role="key" value="extensiontype_"></string>
         <none></none>
         <string role="key" value="valueOf_"></string>
         <string value="es"></string>
        </dictionary>
       </instance>
      </list>
      <string role="key" value="structure"></string>
      <none></none>
      <string role="key" value="title"></string>
      <none></none>
      <string role="key" value="uniqueElementName"></string>
      <string value="general"></string>
     </dictionary>
    </instance>
    <string role="key" value="lifeCycle"></string>
    <none></none>
    <string role="key" value="metaMetadata"></string>
    <instance class="exe.engine.lom.lomsubs.metaMetadataSub">
     <dictionary>
      <string role="key" value="contribute"></string>
      <list></list>
      <string role="key" value="identifier"></string>
      <list></list>
      <string role="key" value="language"></string>
      <instance class="exe.engine.lom.lomsubs.LanguageIdSub">
       <dictionary>
        <string role="key" value="extensiontype_"></string>
        <none></none>
        <string role="key" value="valueOf_"></string>
        <string value="es"></string>
       </dictionary>
      </instance>
      <string role="key" value="metadataSchema"></string>
      <list>
       <instance class="exe.engine.lom.lomsubs.metadataSchemaSub">
        <dictionary>
         <string role="key" value="valueOf_"></string>
         <string value="LOM-ESv1.0"></string>
        </dictionary>
       </instance>
      </list>
      <string role="key" value="uniqueElementName"></string>
      <string value="metaMetadata"></string>
     </dictionary>
    </instance>
    <string role="key" value="relation"></string>
    <list></list>
    <string role="key" value="rights"></string>
    <instance class="exe.engine.lom.lomsubs.rightsSub">
     <dictionary>
      <string role="key" value="access"></string>
      <instance class="exe.engine.lom.lomsubs.accessSub">
       <dictionary>
        <string role="key" value="accessType"></string>
        <instance class="exe.engine.lom.lomsubs.accessTypeSub">
         <dictionary>
          <string role="key" value="extensiontype_"></string>
          <none></none>
          <string role="key" value="source"></string>
          <instance class="exe.engine.lom.lomsubs.sourceValueSub">
           <dictionary>
            <string role="key" value="extensiontype_"></string>
            <none></none>
            <string role="key" value="string"></string>
            <list></list>
            <string role="key" value="uniqueElementName"></string>
            <string value="source"></string>
            <string role="key" value="valueOf_"></string>
            <string value="LOM-ESv1.0"></string>
           </dictionary>
          </instance>
          <string role="key" value="uniqueElementName"></string>
          <string value="accessType"></string>
          <string role="key" value="value"></string>
          <instance class="exe.engine.lom.lomsubs.accessTypeValueSub">
           <dictionary>
            <string role="key" value="extensiontype_"></string>
            <none></none>
            <string role="key" value="source"></string>
            <none></none>
            <string role="key" value="uniqueElementName"></string>
            <string value="value"></string>
            <string role="key" value="value"></string>
            <none></none>
            <string role="key" value="valueOf_"></string>
            <string value="universal"></string>
           </dictionary>
          </instance>
         </dictionary>
        </instance>
        <string role="key" value="description"></string>
        <instance class="exe.engine.lom.lomsubs.LanguageStringSub">
         <dictionary>
          <string role="key" value="extensiontype_"></string>
          <none></none>
          <string role="key" value="string"></string>
          <list>
           <instance class="exe.engine.lom.lomsubs.LangStringSub">
            <dictionary>
             <string role="key" value="language"></string>
             <string value="es"></string>
             <string role="key" value="valueOf_"></string>
             <unicode value="Preestablecido"></unicode>
            </dictionary>
           </instance>
          </list>
         </dictionary>
        </instance>
        <string role="key" value="uniqueElementName"></string>
        <string value="access"></string>
       </dictionary>
      </instance>
      <string role="key" value="copyrightAndOtherRestrictions"></string>
      <none></none>
      <string role="key" value="cost"></string>
      <none></none>
      <string role="key" value="description"></string>
      <none></none>
      <string role="key" value="uniqueElementName"></string>
      <string value="rights"></string>
     </dictionary>
    </instance>
    <string role="key" value="technical"></string>
    <none></none>
   </dictionary>
  </instance>
  <string role="key" value="mxmlforcemediaonly"></string>
  <bool value="0"></bool>
  <string role="key" value="mxmlheight"></string>
  <string value=""></string>
  <string role="key" value="mxmlprofilelist"></string>
  <string value=""></string>
  <string role="key" value="mxmlwidth"></string>
  <string value=""></string>
  <string role="key" value="resources"></string>
  <dictionary></dictionary>
  <string role="key" value="root"></string>
  <reference key="3"></reference>
  <string role="key" value="scolinks"></string>
  <bool value="0"></bool>
  <string role="key" value="scowsinglepage"></string>
  <bool value="0"></bool>
  <string role="key" value="scowwebsite"></string>
  <bool value="0"></bool>
  <string role="key" value="style"></string>
  <unicode value="default"></unicode>
  <string role="key" value="tempFile"></string>
  <bool value="0"></bool>
 </dictionary>
</instance>